2; 1; 1; 0.1; 112; 3; 1; 2; 1; 20; 3.2689; 1.83; 1.83; 1.83; 8; 8; 8; 100; 8; 
2; 1; 1; 0.1; 301; 3; 1; 2; 2; 167; 5.617; 1.5; 1.17; 1.83; 8; 8; 8; 100; 8; 
2; 1; 1; 0.1; 450; 3; 1; 2; 3; 126; 5.617; 1.5; 1.17; 1.83; 8; 8; 8; 100; 8; 
2; 1; 1; 0.1; 618; 3; 1; 2; 4; 141; 5.617; 1.5; 1.17; 1.83; 8; 8; 8; 100; 8; 
2; 1; 1; 0.1; 765; 3; 1; 2; 5; 118; 5.675; 1.42; 1.01; 1.83; 8; 8; 8; 100; 8; 
2; 1; 1; 0.1; 906; 3; 1; 2; 6; 117; 5.675; 1.42; 1.01; 1.83; 8; 8; 8; 100; 8; 
2; 1; 1; 0.1; 1053; 3; 1; 2; 7; 123; 5.675; 1.42; 1.01; 1.83; 8; 8; 8; 100; 8; 
2; 1; 1; 0.1; 59; 4; 1; 4; 1; 24; 3.2689; 1.83; 1.83; 1.83; 8; 8; 8; 100; 8; 
2; 1; 1; 0.1; 187; 4; 1; 4; 2; 101; 5.617; 1.5; 1.17; 1.83; 8; 8; 8; 100; 8; 
2; 1; 1; 0.1; 313; 4; 1; 4; 3; 101; 5.617; 1.5; 1.17; 1.83; 8; 8; 8; 100; 8; 
2; 1; 1; 0.1; 448; 4; 1; 4; 4; 114; 5.617; 1.5; 1.17; 1.83; 8; 8; 8; 100; 8; 
2; 1; 1; 0.1; 584; 4; 1; 4; 5; 110; 5.675; 1.42; 1.01; 1.83; 8; 8; 8; 100; 8; 
2; 1; 1; 0.1; 732; 4; 1; 4; 6; 117; 5.675; 1.42; 1.01; 1.83; 8; 8; 8; 100; 8; 
2; 1; 1; 0.1; 917; 4; 1; 4; 7; 158; 5.675; 1.42; 1.01; 1.83; 8; 8; 8; 100; 8; 
2; 1; 1; 0.1; 1049; 4; 1; 4; 8; 113; 5.675; 1.42; 1.01; 1.83; 8; 8; 8; 100; 8; 
2; 1; 1; 0.1; 88; 5; 3; 3; 1; 21; 8; 1.83; 1.83; 1.83; 8; 8; 8; 100; 8; 
2; 1; 1; 0.1; 461; 5; 3; 3; 2; 244; 8; 1.83; 1.83; 1.83; 8; 8; 8; 100; 8; 
2; 1; 1; 0.1; 607; 5; 3; 3; 3; 106; 8; 1.83; 1.83; 1.83; 8; 8; 8; 100; 8; 
2; 1; 1; 0.1; 688; 5; 3; 3; 4; 46; 8; 1.83; 1.83; 1.83; 8; 8; 8; 100; 8; 
2; 1; 1; 0.1; 767; 5; 3; 3; 5; 47; 8; 1.83; 1.83; 1.83; 8; 8; 8; 100; 8; 
2; 1; 1; 0.1; 843; 5; 3; 3; 6; 45; 8; 1.83; 1.83; 1.83; 8; 8; 8; 100; 8; 
2; 1; 1; 0.1; 989; 5; 3; 3; 7; 44; 8; 1.83; 1.83; 1.83; 8; 8; 8; 100; 8; 
2; 1; 1; 0.1; 1115; 5; 3; 3; 8; 99; 8; 1.83; 1.83; 1.83; 8; 8; 8; 100; 8; 
2; 1; 1; 0.1; 145; 3; 4; 38; 1; 24; 8; 1.83; 1.83; 1.83; 8; 8; 8; 100; 8; 
2; 1; 1; 0.1; 230; 3; 4; 38; 2; 50; 8; 1.83; 1.83; 1.83; 8; 8; 8; 100; 8; 
2; 1; 1; 0.1; 330; 3; 4; 38; 3; 72; 8; 1.83; 1.83; 1.83; 8; 8; 8; 100; 8; 
2; 1; 1; 0.1; 392; 3; 4; 38; 4; 40; 8; 1.83; 1.83; 1.83; 8; 8; 8; 100; 8; 
2; 1; 1; 0.1; 464; 3; 4; 38; 5; 49; 8; 1.83; 1.83; 1.83; 8; 8; 8; 100; 8; 
2; 1; 1; 0.1; 524; 3; 4; 38; 6; 40; 8; 1.83; 1.83; 1.83; 8; 8; 8; 100; 8; 
2; 1; 1; 0.1; 591; 3; 4; 38; 7; 43; 8; 1.83; 1.83; 1.83; 8; 8; 8; 100; 8; 
2; 1; 1; 0.1; 661; 3; 4; 38; 8; 42; 8; 1.83; 1.83; 1.83; 8; 8; 8; 100; 8; 
2; 1; 1; 0.1; 63; 5; 1; 4; 1; 26; 8; 1.83; 1.83; 1.83; 8; 8; 8; 100; 8; 
2; 1; 1; 0.1; 152; 5; 1; 4; 2; 50; 8; 1.83; 1.83; 1.83; 8; 8; 8; 100; 8; 
2; 1; 1; 0.1; 337; 5; 1; 4; 3; 126; 8; 1.83; 1.83; 1.83; 8; 8; 8; 100; 8; 
2; 1; 1; 0.1; 456; 5; 1; 4; 4; 84; 8; 1.83; 1.83; 1.83; 8; 8; 8; 100; 8; 
2; 1; 1; 0.1; 663; 5; 1; 4; 5; 54; 8; 1.83; 1.83; 1.83; 8; 8; 8; 100; 8; 
2; 1; 1; 0.1; 838; 5; 1; 4; 6; 111; 8; 1.83; 1.83; 1.83; 8; 8; 8; 100; 8; 
2; 1; 1; 0.1; 951; 5; 1; 4; 7; 73; 8; 1.83; 1.83; 1.83; 8; 8; 8; 100; 8; 
2; 1; 1; 0.1; 1261; 5; 1; 4; 8; 242; 8; 1.83; 1.83; 1.83; 8; 8; 8; 100; 8; 
2; 1; 1; 0.1; 54; 3; 1; 4; 1; 17; 8; 1.83; 1.83; 1.83; 8; 8; 8; 100; 8; 
2; 1; 1; 0.1; 126; 3; 1; 4; 2; 39; 8; 1.83; 1.83; 1.83; 8; 8; 8; 100; 8; 
2; 1; 1; 0.1; 205; 3; 1; 4; 3; 49; 8; 1.83; 1.83; 1.83; 8; 8; 8; 100; 8; 
2; 1; 1; 0.1; 262; 3; 1; 4; 4; 34; 8; 1.83; 1.83; 1.83; 8; 8; 8; 100; 8; 
2; 1; 1; 0.1; 333; 3; 1; 4; 5; 44; 8; 1.83; 1.83; 1.83; 8; 8; 8; 100; 8; 
2; 1; 1; 0.1; 417; 3; 1; 4; 6; 52; 8; 1.83; 1.83; 1.83; 8; 8; 8; 100; 8; 
2; 1; 1; 0.1; 501; 3; 1; 4; 7; 56; 8; 1.83; 1.83; 1.83; 8; 8; 8; 100; 8; 
2; 1; 1; 0.1; 585; 3; 1; 4; 8; 64; 8; 1.83; 1.83; 1.83; 8; 8; 8; 100; 8; 
2; 1; 1; 0.1; 55; 4; 1; 3; 1; 19; 8; 1.83; 1.83; 1.83; 8; 8; 8; 100; 8; 
2; 1; 1; 0.1; 122; 4; 1; 3; 2; 40; 8; 1.83; 1.83; 1.83; 8; 8; 8; 100; 8; 
2; 1; 1; 0.1; 212; 4; 1; 3; 3; 54; 8; 1.83; 1.83; 1.83; 8; 8; 8; 100; 8; 
2; 1; 1; 0.1; 281; 4; 1; 3; 4; 42; 8; 1.83; 1.83; 1.83; 8; 8; 8; 100; 8; 
2; 1; 1; 0.1; 355; 4; 1; 3; 5; 47; 8; 1.83; 1.83; 1.83; 8; 8; 8; 100; 8; 
2; 1; 1; 0.1; 425; 4; 1; 3; 6; 44; 8; 1.83; 1.83; 1.83; 8; 8; 8; 100; 8; 
2; 1; 1; 0.1; 482; 4; 1; 3; 7; 37; 8; 1.83; 1.83; 1.83; 8; 8; 8; 100; 8; 
2; 1; 1; 0.1; 550; 4; 1; 3; 8; 51; 8; 1.83; 1.83; 1.83; 8; 8; 8; 100; 8; 
2; 1; 1; 0.1; 52; 3; 1; 2; 1; 18; 8; 1.83; 1.83; 1.83; 8; 8; 8; 100; 8; 
2; 1; 1; 0.1; 118; 3; 1; 2; 2; 42; 8; 1.83; 1.83; 1.83; 8; 8; 8; 100; 8; 
2; 1; 1; 0.1; 190; 3; 1; 2; 3; 44; 8; 1.83; 1.83; 1.83; 8; 8; 8; 100; 8; 
2; 1; 1; 0.1; 252; 3; 1; 2; 4; 38; 8; 1.83; 1.83; 1.83; 8; 8; 8; 100; 8; 
2; 1; 1; 0.1; 331; 3; 1; 2; 5; 45; 8; 1.83; 1.83; 1.83; 8; 8; 8; 100; 8; 
2; 1; 1; 0.1; 402; 3; 1; 2; 6; 47; 8; 1.83; 1.83; 1.83; 8; 8; 8; 100; 8; 
2; 1; 1; 0.1; 487; 3; 1; 2; 7; 55; 8; 1.83; 1.83; 1.83; 8; 8; 8; 100; 8; 
2; 1; 1; 0.1; 590; 3; 1; 2; 8; 80; 8; 1.83; 1.83; 1.83; 8; 8; 8; 100; 8; 
2; 1; 1; 0.1; 55; 3; 1; 3; 1; 21; 8; 1.83; 1.83; 1.83; 8; 8; 8; 100; 8; 
2; 1; 1; 0.1; 124; 3; 1; 3; 2; 46; 8; 1.83; 1.83; 1.83; 8; 8; 8; 100; 8; 
2; 1; 1; 0.1; 199; 3; 1; 3; 3; 47; 8; 1.83; 1.83; 1.83; 8; 8; 8; 100; 8; 
2; 1; 1; 0.1; 263; 3; 1; 3; 4; 38; 8; 1.83; 1.83; 1.83; 8; 8; 8; 100; 8; 
2; 1; 1; 0.1; 334; 3; 1; 3; 5; 45; 8; 1.83; 1.83; 1.83; 8; 8; 8; 100; 8; 
2; 1; 1; 0.1; 404; 3; 1; 3; 6; 44; 8; 1.83; 1.83; 1.83; 8; 8; 8; 100; 8; 
2; 1; 1; 0.1; 470; 3; 1; 3; 7; 47; 8; 1.83; 1.83; 1.83; 8; 8; 8; 100; 8; 
2; 1; 1; 0.1; 539; 3; 1; 3; 8; 51; 8; 1.83; 1.83; 1.83; 8; 8; 8; 100; 8; 
2; 1; 1; 0.1; 171; 13; 1; 82; 1; 16; 8; 1.83; 1.83; 1.83; 8; 8; 8; 100; 8; 
2; 1; 1; 0.1; 248; 13; 1; 82; 2; 43; 8; 1.83; 1.83; 1.83; 8; 8; 8; 100; 8; 
2; 1; 1; 0.1; 323; 13; 1; 82; 3; 44; 8; 1.83; 1.83; 1.83; 8; 8; 8; 100; 8; 
2; 1; 1; 0.1; 397; 13; 1; 82; 4; 41; 8; 1.83; 1.83; 1.83; 8; 8; 8; 100; 8; 
2; 1; 1; 0.1; 471; 13; 1; 82; 5; 47; 8; 1.83; 1.83; 1.83; 8; 8; 8; 100; 8; 
2; 1; 1; 0.1; 552; 13; 1; 82; 6; 54; 8; 1.83; 1.83; 1.83; 8; 8; 8; 100; 8; 
2; 1; 1; 0.1; 616; 13; 1; 82; 7; 44; 8; 1.83; 1.83; 1.83; 8; 8; 8; 100; 8; 
2; 1; 1; 0.1; 695; 13; 1; 82; 8; 61; 8; 1.83; 1.83; 1.83; 8; 8; 8; 100; 8; 
2; 1; 1; 0.1; 55; 3; 1; 1; 1; 18; 8; 1.83; 1.83; 1.83; 8; 8; 8; 100; 8; 
2; 1; 1; 0.1; 130; 3; 1; 1; 2; 43; 8; 1.83; 1.83; 1.83; 8; 8; 8; 100; 8; 
2; 1; 1; 0.1; 203; 3; 1; 1; 3; 43; 8; 1.83; 1.83; 1.83; 8; 8; 8; 100; 8; 
2; 1; 1; 0.1; 278; 3; 1; 1; 4; 45; 8; 1.83; 1.83; 1.83; 8; 8; 8; 100; 8; 
2; 1; 1; 0.1; 356; 3; 1; 1; 5; 49; 8; 1.83; 1.83; 1.83; 8; 8; 8; 100; 8; 
2; 1; 1; 0.1; 431; 3; 1; 1; 6; 43; 8; 1.83; 1.83; 1.83; 8; 8; 8; 100; 8; 
2; 1; 1; 0.1; 505; 3; 1; 1; 7; 46; 8; 1.83; 1.83; 1.83; 8; 8; 8; 100; 8; 
2; 1; 1; 0.1; 573; 3; 1; 1; 8; 41; 8; 1.83; 1.83; 1.83; 8; 8; 8; 100; 8; 
2; 1; 1; 0.1; 65; 3; 1; 1; 1; 25; 8; 1.83; 1.83; 1.83; 8; 8; 8; 100; 8; 
2; 1; 1; 0.1; 136; 3; 1; 1; 2; 44; 8; 1.83; 1.83; 1.83; 8; 8; 8; 100; 8; 
2; 1; 1; 0.1; 214; 3; 1; 1; 3; 48; 8; 1.83; 1.83; 1.83; 8; 8; 8; 100; 8; 
2; 1; 1; 0.1; 277; 3; 1; 1; 4; 39; 8; 1.83; 1.83; 1.83; 8; 8; 8; 100; 8; 
2; 1; 1; 0.1; 346; 3; 1; 1; 5; 47; 8; 1.83; 1.83; 1.83; 8; 8; 8; 100; 8; 
2; 1; 1; 0.1; 439; 3; 1; 1; 6; 60; 8; 1.83; 1.83; 1.83; 8; 8; 8; 100; 8; 
2; 1; 1; 0.1; 525; 3; 1; 1; 7; 51; 8; 1.83; 1.83; 1.83; 8; 8; 8; 100; 8; 
2; 1; 1; 0.1; 605; 3; 1; 1; 8; 52; 8; 1.83; 1.83; 1.83; 8; 8; 8; 100; 8; 
2; 1; 1; 0.1; 13209; 4; 1; 1; 1; 23; 8; 1.83; 1.83; 1.83; 8; 8; 8; 100; 8; 
2; 1; 1; 0.7; 681; 4; 1; 1; 1; 21; 8; 1.83; 1.83; 1.83; 5; 5; 5; 100; 8; 
2; 1; 1; 0.7; 1396; 14; 4; 7; 1; 47; 1; 1.83; 1.83; 1.83; 5; 5; 5; 12.5; 1; 
2; 1; 1; 0.7; 58840; 4; 1; 2; 1; 27; 1; 1.83; 1.83; 1.83; 5; 5; 5; 12.5; 1; 
2; 1; 1; 0.7; 62891; 4; 1; 2; 2; 65; 2; 1.5; 1.17; 1.83; 4; 4; 5; 25; 2; 
2; 1; 1; 0.7; 64272; 4; 1; 2; 3; 66; 2; 1.5; 1.17; 1.83; 4; 4; 5; 25; 2; 
2; 1; 1; 0.7; 66537; 4; 1; 2; 4; 65; 2; 1.5; 1.17; 1.83; 4; 4; 5; 25; 2; 
2; 1; 1; 0.7; 67141; 4; 1; 2; 5; 59; 2; 1.5; 1.17; 1.83; 4; 4; 5; 25; 2; 
2; 1; 1; 0.7; 67841; 4; 1; 2; 6; 57; 2; 1.5; 1.17; 1.83; 4; 4; 5; 25; 2; 
2; 1; 1; 0.7; 68443; 4; 1; 2; 7; 55; 2; 1.5; 1.17; 1.83; 4; 4; 5; 25; 2; 
2; 1; 1; 0.7; 68915; 4; 1; 2; 8; 54; 2; 1.5; 1.17; 1.83; 4; 4; 5; 25; 2; 
2; 1; 1; 0.5; 949; 14; 3; 4; 1; 30; 1; 1.83; 1.83; 1.83; 7; 7; 7; 12.5; 1; 
2; 1; 1; 0.3; 1063; 10; 3; 5; 1; 42; 5; 1.83; 1.83; 1.83; 8; 8; 8; 62.5; 5; 
2; 1; 1; 0.3; 3270; 10; 3; 5; 2; 60; 8; 1.5; 1.17; 1.83; 7; 7; 8; 100; 8; 
2; 1; 1; 0.3; 309; 25; 1; 43; 1; 63; 5; 1.83; 1.83; 1.83; 8; 8; 8; 62.5; 5; 
2; 1; 1; 0.3; 419; 25; 1; 43; 2; 45; 8; 1.5; 1.17; 1.83; 7; 7; 8; 100; 8; 
2; 1; 1; 0.3; 502; 25; 1; 43; 3; 44; 8; 1.5; 1.17; 1.83; 7; 7; 8; 100; 8; 
2; 1; 1; 0.3; 585; 25; 1; 43; 4; 45; 8; 1.5; 1.17; 1.83; 7; 7; 8; 100; 8; 
2; 1; 1; 0.3; 702; 25; 1; 43; 5; 81; 8; 1.5; 1.17; 1.83; 7; 7; 8; 100; 8; 
2; 1; 1; 0.3; 815; 25; 1; 43; 6; 74; 8; 1.5; 1.17; 1.83; 7; 7; 8; 100; 8; 
2; 1; 1; 0.3; 956; 25; 1; 43; 7; 74; 8; 1.5; 1.17; 1.83; 7; 7; 8; 100; 8; 
2; 1; 1; 0.3; 1055; 25; 1; 43; 8; 64; 8; 1.5; 1.17; 1.83; 7; 7; 8; 100; 8; 
2; 1; 1; 0.3; 311; 4; 1; 42; 1; 39; 5; 1.83; 1.83; 1.83; 8; 8; 8; 62.5; 5; 
2; 1; 1; 0.3; 380; 4; 1; 42; 2; 32; 8; 1.5; 1.17; 1.83; 7; 7; 8; 100; 8; 
2; 1; 1; 0.3; 452; 4; 1; 42; 3; 36; 8; 1.5; 1.17; 1.83; 7; 7; 8; 100; 8; 
2; 1; 1; 0.3; 528; 4; 1; 42; 4; 38; 8; 1.5; 1.17; 1.83; 7; 7; 8; 100; 8; 
2; 1; 1; 0.3; 663; 4; 1; 42; 5; 104; 8; 1.5; 1.17; 1.83; 7; 7; 8; 100; 8; 
2; 1; 1; 0.3; 801; 4; 1; 42; 6; 108; 8; 1.5; 1.17; 1.83; 7; 7; 8; 100; 8; 
2; 1; 1; 0.3; 924; 4; 1; 42; 7; 100; 8; 1.5; 1.17; 1.83; 7; 7; 8; 100; 8; 
2; 1; 1; 0.3; 1055; 4; 1; 42; 8; 109; 8; 1.5; 1.17; 1.83; 7; 7; 8; 100; 8; 
2; 1; 1; 0.3; 220; 4; 1; 41; 1; 32; 5; 1.83; 1.83; 1.83; 8; 8; 8; 62.5; 5; 
2; 1; 1; 0.3; 313; 4; 1; 41; 2; 52; 8; 1.5; 1.17; 1.83; 7; 7; 8; 100; 8; 
2; 1; 1; 0.3; 412; 4; 1; 41; 3; 52; 8; 1.5; 1.17; 1.83; 7; 7; 8; 100; 8; 
2; 1; 1; 0.3; 514; 4; 1; 41; 4; 58; 8; 1.5; 1.17; 1.83; 7; 7; 8; 100; 8; 
2; 1; 1; 0.3; 660; 4; 1; 41; 5; 107; 8; 1.5; 1.17; 1.83; 7; 7; 8; 100; 8; 
2; 1; 1; 0.3; 811; 4; 1; 41; 6; 113; 8; 1.5; 1.17; 1.83; 7; 7; 8; 100; 8; 
2; 1; 1; 0.3; 948; 4; 1; 41; 7; 99; 8; 1.5; 1.17; 1.83; 7; 7; 8; 100; 8; 
2; 1; 1; 0.3; 1077; 4; 1; 41; 8; 104; 8; 1.5; 1.17; 1.83; 7; 7; 8; 100; 8; 
2; 1; 1; 0.3; 193; 5; 2; 14; 1; 46; 5; 1.83; 1.83; 1.83; 8; 8; 8; 62.5; 5; 
2; 1; 1; 0.3; 33818; 5; 2; 14; 2; 38; 8; 1.5; 1.17; 1.83; 7; 7; 8; 100; 8; 
2; 1; 1; 0.3; 63602; 5; 2; 14; 3; 49; 8; 1.5; 1.17; 1.83; 7; 7; 8; 100; 8; 
2; 1; 1; 0.3; 63827; 5; 2; 14; 4; 83; 8; 1.5; 1.17; 1.83; 7; 7; 8; 100; 8; 
2; 1; 1; 0.3; 63946; 5; 2; 14; 5; 81; 8; 1.5; 1.17; 1.83; 7; 7; 8; 100; 8; 
2; 1; 1; 0.3; 64082; 5; 2; 14; 6; 77; 8; 1.5; 1.17; 1.83; 7; 7; 8; 100; 8; 
2; 1; 1; 0.3; 64205; 5; 2; 14; 7; 86; 8; 1.5; 1.17; 1.83; 7; 7; 8; 100; 8; 
2; 1; 1; 0.3; 64296; 5; 2; 14; 8; 71; 8; 1.5; 1.17; 1.83; 7; 7; 8; 100; 8; 
2; 1; 1; 0.3; 197; 14; 2; 14; 1; 36; 5; 1.83; 1.83; 1.83; 8; 8; 8; 62.5; 5; 
2; 1; 1; 0.3; 5231; 14; 2; 14; 2; 42; 8; 1.5; 1.17; 1.83; 7; 7; 8; 100; 8; 
2; 1; 1; 0.3; 6179; 14; 2; 14; 3; 57; 8; 1.5; 1.17; 1.83; 7; 7; 8; 100; 8; 
2; 1; 1; 0.3; 6575; 14; 2; 14; 4; 45; 8; 1.5; 1.17; 1.83; 7; 7; 8; 100; 8; 
2; 1; 1; 0.3; 6952; 14; 2; 14; 5; 95; 8; 1.5; 1.17; 1.83; 7; 7; 8; 100; 8; 
2; 1; 1; 0.3; 7159; 14; 2; 14; 6; 105; 8; 1.5; 1.17; 1.83; 7; 7; 8; 100; 8; 
2; 1; 1; 0.3; 7371; 14; 2; 14; 7; 96; 8; 1.5; 1.17; 1.83; 7; 7; 8; 100; 8; 
2; 1; 1; 0.3; 7688; 14; 2; 14; 8; 95; 8; 1.5; 1.17; 1.83; 7; 7; 8; 100; 8; 
0.1; 1; 1; 0.1; 4968; 4; 1; 1; 1; 27; 1; 1.83; 1.83; 1.83; 8; 8; 8; 12.5; 1; 
0.1; 1; 1; 0.1; 5076; 4; 1; 1; 2; 45; 0; 1.5; 1.17; 1.83; 8; 8; 8; 0; 0; 
0.1; 1; 1; 0.1; 5157; 4; 1; 1; 3; 49; 0; 1.5; 1.17; 1.83; 8; 8; 8; 0; 0; 
0.1; 1; 1; 0.1; 5244; 4; 1; 1; 4; 46; 0; 1.5; 1.17; 1.83; 8; 8; 8; 0; 0; 
0.1; 1; 1; 0.1; 5323; 4; 1; 1; 5; 46; 0; 1.5; 1.17; 1.83; 8; 8; 8; 0; 0; 
0.1; 1; 1; 0.1; 5407; 4; 1; 1; 6; 47; 0; 1.5; 1.17; 1.83; 8; 8; 8; 0; 0; 
0.1; 1; 1; 0.1; 5527; 4; 1; 1; 7; 63; 0; 1.5; 1.17; 1.83; 8; 8; 8; 0; 0; 
0.1; 1; 1; 0.1; 5607; 4; 1; 1; 8; 44; 0; 1.5; 1.17; 1.83; 8; 8; 8; 0; 0; 
0.1; 1; 1; 0.1; 3581; 5; 1; 1; 1; 28; 1; 1.83; 1.83; 1.83; 8; 8; 8; 12.5; 1; 
0.1; 1; 1; 0.1; 3667; 5; 1; 1; 2; 52; 1; 1.17; 1.17; 1.17; 8; 8; 8; 0; 0; 
0.1; 1; 1; 0.1; 3742; 5; 1; 1; 3; 45; 1; 1.17; 1.17; 1.17; 8; 8; 8; 0; 0; 
0.1; 1; 1; 0.1; 3827; 5; 1; 1; 4; 55; 1; 1.17; 1.17; 1.17; 8; 8; 8; 0; 0; 
0.1; 1; 1; 0.1; 3961; 5; 1; 1; 5; 105; 1; 1.17; 1.17; 1.17; 8; 8; 8; 0; 0; 
0.1; 1; 1; 0.1; 4031; 5; 1; 1; 6; 40; 1; 1.17; 1.17; 1.17; 8; 8; 8; 0; 0; 
0.1; 1; 1; 0.1; 4105; 5; 1; 1; 7; 44; 1; 1.17; 1.17; 1.17; 8; 8; 8; 0; 0; 
0.1; 1; 1; 0.1; 4175; 5; 1; 1; 8; 43; 1; 1.17; 1.17; 1.17; 8; 8; 8; 0; 0; 
0.3; 3; 1; 0.1; 3506; 4; 1; 3; 1; 31; 1; 1.83; 1.83; 1.83; 8; 8; 8; 37.5; 3; 
0.3; 3; 1; 0.1; 3576; 4; 1; 3; 2; 40; 1; 1.83; 1.83; 1.83; 8; 8; 8; 37.5; 3; 
0.3; 3; 1; 0.1; 3651; 4; 1; 3; 3; 46; 1; 1.83; 1.83; 1.83; 8; 8; 8; 37.5; 3; 
0.3; 3; 1; 0.1; 3828; 4; 1; 3; 4; 145; 1; 1.83; 1.83; 1.83; 8; 8; 8; 37.5; 3; 
0.3; 3; 1; 0.1; 3958; 4; 1; 3; 5; 102; 1; 1.83; 1.83; 1.83; 8; 8; 8; 37.5; 3; 
0.3; 3; 1; 0.1; 4102; 4; 1; 3; 6; 92; 1; 1.83; 1.83; 1.83; 8; 8; 8; 37.5; 3; 
0.3; 3; 1; 0.1; 10962; 3; 1; 4; 1; 31; 1; 1.83; 1.83; 1.83; 8; 8; 8; 37.5; 3; 
0.3; 3; 1; 0.1; 11034; 3; 1; 4; 2; 43; 1; 1.83; 1.83; 1.83; 8; 8; 8; 37.5; 3; 
0.3; 3; 1; 0.1; 11111; 3; 1; 4; 3; 50; 1; 1.83; 1.83; 1.83; 8; 8; 8; 37.5; 3; 
0.3; 3; 1; 0.1; 11261; 3; 1; 4; 4; 121; 1; 1.83; 1.83; 1.83; 8; 8; 8; 37.5; 3; 
0.3; 3; 1; 0.1; 11409; 3; 1; 4; 5; 122; 1; 1.83; 1.83; 1.83; 8; 8; 8; 37.5; 3; 
0.3; 3; 1; 0.1; 11555; 3; 1; 4; 6; 122; 1; 1.83; 1.83; 1.83; 8; 8; 8; 37.5; 3; 
0.3; 3; 1; 0.1; 3081; 4; 1; 2; 1; 27; 3; 1.30667; 1.01; 1.83; 8; 8; 8; 0; 0; 
0.3; 3; 1; 0.1; 3154; 4; 1; 2; 2; 37; 3; 1.30667; 1.01; 1.83; 8; 8; 8; 0; 0; 
0.3; 3; 1; 0.1; 3239; 4; 1; 2; 3; 49; 3; 1.30667; 1.01; 1.83; 8; 8; 8; 0; 0; 
0.3; 3; 1; 0.1; 3316; 4; 1; 2; 4; 42; 3; 1.30667; 1.01; 1.83; 8; 8; 8; 0; 0; 
0.3; 3; 1; 0.1; 3401; 4; 1; 2; 5; 48; 3; 1.30667; 1.01; 1.83; 8; 8; 8; 0; 0; 
0.3; 3; 1; 0.1; 3472; 4; 1; 2; 6; 40; 3; 1.30667; 1.01; 1.83; 8; 8; 8; 0; 0; 
0.3; 3; 1; 0.1; 4228; 3; 1; 3; 1; 28; 1; 1.83; 1.83; 1.83; 8; 8; 8; 37.5; 3; 
0.3; 3; 1; 0.1; 4298; 3; 1; 3; 2; 43; 1; 1.83; 1.83; 1.83; 8; 8; 8; 37.5; 3; 
0.3; 3; 1; 0.1; 4366; 3; 1; 3; 3; 41; 1; 1.83; 1.83; 1.83; 8; 8; 8; 37.5; 3; 
0.3; 3; 1; 0.1; 4509; 3; 1; 3; 4; 113; 1; 1.83; 1.83; 1.83; 8; 8; 8; 37.5; 3; 
0.3; 3; 1; 0.1; 4659; 3; 1; 3; 5; 118; 1; 1.83; 1.83; 1.83; 8; 8; 8; 37.5; 3; 
0.3; 3; 1; 0.1; 4800; 3; 1; 3; 6; 118; 1; 1.83; 1.83; 1.83; 8; 8; 8; 37.5; 3; 
0.3; 3; 1; 0.1; 5223; 3; 1; 2; 1; 32; 1; 1.83; 1.83; 1.83; 8; 8; 8; 37.5; 3; 
0.3; 3; 1; 0.1; 3797; 5; 1; 2; 1; 27; 1; 1.83; 1.83; 1.83; 8; 8; 8; 37.5; 3; 
0.3; 3; 1; 0.1; 5194; 5; 1; 2; 2; 45; 1; 1.83; 1.83; 1.83; 8; 8; 8; 37.5; 3; 
0.3; 3; 1; 0.1; 6061; 5; 1; 2; 3; 43; 1; 1.83; 1.83; 1.83; 8; 8; 8; 37.5; 3; 
0.3; 3; 1; 0.1; 6579; 5; 1; 2; 4; 43; 1; 1.83; 1.83; 1.83; 8; 8; 8; 37.5; 3; 
0.3; 3; 1; 0.1; 7079; 5; 1; 2; 5; 47; 1; 1.83; 1.83; 1.83; 8; 8; 8; 37.5; 3; 
0.3; 3; 1; 0.1; 7580; 5; 1; 2; 6; 48; 1; 1.83; 1.83; 1.83; 8; 8; 8; 37.5; 3; 
0.3; 3; 1; 0.1; 3549; 846; 1; 1; 1; 93; 1; 1.83; 1.83; 1.83; 8; 8; 8; 37.5; 3; 
0.3; 3; 1; 0.1; 4916; 846; 1; 1; 2; 37; 1; 1.83; 1.83; 1.83; 8; 8; 8; 37.5; 3; 
0.3; 3; 1; 0.1; 5695; 846; 1; 1; 3; 41; 1; 1.83; 1.83; 1.83; 8; 8; 8; 37.5; 3; 
0.3; 3; 1; 0.1; 6071; 846; 1; 1; 4; 39; 1; 1.83; 1.83; 1.83; 8; 8; 8; 37.5; 3; 
0.3; 3; 1; 0.1; 6398; 846; 1; 1; 5; 37; 1; 1.83; 1.83; 1.83; 8; 8; 8; 37.5; 3; 
0.3; 3; 1; 0.1; 6710; 846; 1; 1; 6; 43; 1; 1.83; 1.83; 1.83; 8; 8; 8; 37.5; 3; 
2; 1; 1; 0.1; 311; 3; 2; 1; 1; 42; 8; 1.83; 1.83; 1.83; 8; 8; 8; 100; 8; 
2; 1; 1; 0.1; 10153; 3; 2; 1; 2; 58; 8; 1.83; 1.83; 1.83; 8; 8; 8; 100; 8; 
2; 1; 1; 0.1; 11577; 3; 2; 1; 3; 260; 8; 1.83; 1.83; 1.83; 8; 8; 8; 100; 8; 
2; 1; 1; 0.1; 12834; 3; 2; 1; 4; 68; 8; 1.83; 1.83; 1.83; 8; 8; 8; 100; 8; 
2; 1; 1; 0.1; 13279; 3; 2; 1; 5; 57; 8; 1.83; 1.83; 1.83; 8; 8; 8; 100; 8; 
2; 1; 1; 0.1; 13714; 3; 2; 1; 6; 67; 8; 1.83; 1.83; 1.83; 8; 8; 8; 100; 8; 
2; 1; 1; 0.1; 14174; 3; 2; 1; 7; 51; 8; 1.83; 1.83; 1.83; 8; 8; 8; 100; 8; 
2; 1; 1; 0.1; 15303; 3; 2; 1; 8; 58; 8; 1.83; 1.83; 1.83; 8; 8; 8; 100; 8; 
0.3; 3; 1; 0.1; 6346; 14; 3; 11; 1; 35; 1; 1.83; 1.83; 1.83; 8; 8; 8; 37.5; 3; 
0.3; 3; 1; 0.1; 7888; 14; 3; 11; 2; 118; 1; 1.83; 1.83; 1.83; 8; 8; 8; 37.5; 3; 
0.3; 3; 1; 0.1; 8422; 14; 3; 11; 3; 55; 1; 1.83; 1.83; 1.83; 8; 8; 8; 37.5; 3; 
0.3; 3; 1; 0.1; 8823; 14; 3; 11; 4; 40; 1; 1.83; 1.83; 1.83; 8; 8; 8; 37.5; 3; 
0.3; 3; 1; 0.1; 9238; 14; 3; 11; 5; 43; 1; 1.83; 1.83; 1.83; 8; 8; 8; 37.5; 3; 
0.3; 3; 1; 0.1; 9686; 14; 3; 11; 6; 53; 1; 1.83; 1.83; 1.83; 8; 8; 8; 37.5; 3; 
2; 1; 1; 0.1; 95; 0; 1; 2; 1; 16; 8; 1.83; 1.83; 1.83; 8; 8; 8; 100; 8; 
2; 1; 1; 0.1; 3963; 0; 1; 2; 2; 44; 8; 1.83; 1.83; 1.83; 8; 8; 8; 100; 8; 
2; 1; 1; 0.1; 4449; 0; 1; 2; 3; 48; 8; 1.83; 1.83; 1.83; 8; 8; 8; 100; 8; 
2; 1; 1; 0.1; 4794; 0; 1; 2; 4; 46; 8; 1.83; 1.83; 1.83; 8; 8; 8; 100; 8; 
2; 1; 1; 0.1; 5113; 0; 1; 2; 5; 46; 8; 1.83; 1.83; 1.83; 8; 8; 8; 100; 8; 
2; 1; 1; 0.1; 5463; 0; 1; 2; 6; 50; 8; 1.83; 1.83; 1.83; 8; 8; 8; 100; 8; 
2; 1; 1; 0.1; 5785; 0; 1; 2; 7; 46; 8; 1.83; 1.83; 1.83; 8; 8; 8; 100; 8; 
2; 1; 1; 0.1; 6152; 0; 1; 2; 8; 50; 8; 1.83; 1.83; 1.83; 8; 8; 8; 100; 8; 
0.3; 3; 1; 0.1; 87; 0; 4; 6; 1; 35; 1; 1.83; 1.83; 1.83; 8; 8; 8; 37.5; 3; 
0.3; 3; 1; 0.1; 894; 0; 4; 6; 2; 45; 1; 1.83; 1.83; 1.83; 8; 8; 8; 37.5; 3; 
0.3; 3; 1; 0.1; 1328; 0; 4; 6; 3; 40; 1; 1.83; 1.83; 1.83; 8; 8; 8; 37.5; 3; 
0.3; 3; 1; 0.1; 1840; 0; 4; 6; 4; 44; 1; 1.83; 1.83; 1.83; 8; 8; 8; 37.5; 3; 
0.3; 3; 1; 0.1; 2287; 0; 4; 6; 5; 45; 1; 1.83; 1.83; 1.83; 8; 8; 8; 37.5; 3; 
0.3; 3; 1; 0.1; 2678; 0; 4; 6; 6; 39; 1; 1.83; 1.83; 1.83; 8; 8; 8; 37.5; 3; 
2; 1; 1; 0.1; 49; 0; 1; 1; 1; 17; 8; 1.83; 1.83; 1.83; 8; 8; 8; 100; 8; 
2; 1; 1; 0.1; 2535; 0; 1; 1; 2; 78; 8; 1.83; 1.83; 1.83; 8; 8; 8; 100; 8; 
2; 1; 1; 0.1; 2689; 0; 1; 1; 3; 47; 8; 1.83; 1.83; 1.83; 8; 8; 8; 100; 8; 
2; 1; 1; 0.1; 3006; 0; 1; 1; 4; 71; 8; 1.83; 1.83; 1.83; 8; 8; 8; 100; 8; 
2; 1; 1; 0.1; 3289; 0; 1; 1; 5; 69; 8; 1.83; 1.83; 1.83; 8; 8; 8; 100; 8; 
2; 1; 1; 0.1; 6289; 0; 1; 1; 6; 50; 8; 1.83; 1.83; 1.83; 8; 8; 8; 100; 8; 
2; 1; 1; 0.1; 6616; 0; 1; 1; 7; 47; 8; 1.83; 1.83; 1.83; 8; 8; 8; 100; 8; 
2; 1; 1; 0.1; 6887; 0; 1; 1; 8; 54; 8; 1.83; 1.83; 1.83; 8; 8; 8; 100; 8; 
0.3; 3; 1; 0.1; 83; 0; 3; 3; 1; 40; 1; 1.83; 1.83; 1.83; 8; 8; 8; 37.5; 3; 
0.3; 3; 1; 0.1; 362; 0; 3; 3; 2; 57; 1; 1.83; 1.83; 1.83; 8; 8; 8; 37.5; 3; 
0.3; 3; 1; 0.1; 697; 0; 3; 3; 3; 71; 1; 1.83; 1.83; 1.83; 8; 8; 8; 37.5; 3; 
0.3; 3; 1; 0.1; 1017; 0; 3; 3; 4; 60; 1; 1.83; 1.83; 1.83; 8; 8; 8; 37.5; 3; 
0.3; 3; 1; 0.1; 1310; 0; 3; 3; 5; 54; 1; 1.83; 1.83; 1.83; 8; 8; 8; 37.5; 3; 
0.3; 3; 1; 0.1; 1764; 0; 3; 3; 6; 45; 1; 1.83; 1.83; 1.83; 8; 8; 8; 37.5; 3; 
0.3; 3; 1; 0.1; 87; 0; 1; 2; 1; 49; 1; 1.83; 1.83; 1.83; 8; 8; 8; 37.5; 3; 
0.3; 3; 1; 0.1; 3973; 0; 1; 2; 2; 53; 1; 1.83; 1.83; 1.83; 8; 8; 8; 37.5; 3; 
0.3; 3; 1; 0.1; 4449; 0; 1; 2; 3; 54; 1; 1.83; 1.83; 1.83; 8; 8; 8; 37.5; 3; 
0.3; 3; 1; 0.1; 4820; 0; 1; 2; 4; 67; 1; 1.83; 1.83; 1.83; 8; 8; 8; 37.5; 3; 
0.3; 3; 1; 0.1; 6818; 0; 1; 2; 5; 43; 1; 1.83; 1.83; 1.83; 8; 8; 8; 37.5; 3; 
0.3; 3; 1; 0.1; 10513; 0; 1; 2; 6; 52; 1; 1.83; 1.83; 1.83; 8; 8; 8; 37.5; 3; 
0.3; 3; 1; 0.1; 57; 0; 1; 2; 1; 22; 1; 1.83; 1.83; 1.83; 8; 8; 8; 37.5; 3; 
0.3; 3; 1; 0.1; 52903; 0; 1; 2; 2; 53; 1; 1.83; 1.83; 1.83; 8; 8; 8; 37.5; 3; 
0.3; 3; 1; 0.1; 69625; 0; 1; 2; 3; 48; 1; 1.83; 1.83; 1.83; 8; 8; 8; 37.5; 3; 
0.3; 3; 1; 0.1; 70268; 0; 1; 2; 4; 42; 1; 1.83; 1.83; 1.83; 8; 8; 8; 37.5; 3; 
0.3; 3; 1; 0.1; 70673; 0; 1; 2; 5; 53; 1; 1.83; 1.83; 1.83; 8; 8; 8; 37.5; 3; 
0.3; 3; 1; 0.1; 70870; 0; 1; 2; 6; 42; 1; 1.83; 1.83; 1.83; 8; 8; 8; 37.5; 3; 
0.3; 3; 1; 0.1; 64; 0; 2; 2; 1; 29; 1; 1.83; 1.83; 1.83; 8; 8; 8; 37.5; 3; 
0.3; 3; 1; 0.1; 1437; 0; 2; 2; 2; 45; 1; 1.83; 1.83; 1.83; 8; 8; 8; 37.5; 3; 
0.3; 3; 1; 0.1; 1817; 0; 2; 2; 3; 46; 1; 1.83; 1.83; 1.83; 8; 8; 8; 37.5; 3; 
0.3; 3; 1; 0.1; 2184; 0; 2; 2; 4; 47; 1; 1.83; 1.83; 1.83; 8; 8; 8; 37.5; 3; 
0.3; 3; 1; 0.1; 2541; 0; 2; 2; 5; 45; 1; 1.83; 1.83; 1.83; 8; 8; 8; 37.5; 3; 
0.3; 3; 1; 0.1; 2844; 0; 2; 2; 6; 38; 1; 1.83; 1.83; 1.83; 8; 8; 8; 37.5; 3; 
0.3; 3; 1; 0.1; 72; 0; 1; 3; 1; 22; 1; 1.83; 1.83; 1.83; 8; 8; 8; 37.5; 3; 
0.3; 3; 1; 0.1; 3799; 0; 1; 3; 2; 39; 1; 1.83; 1.83; 1.83; 8; 8; 8; 37.5; 3; 
0.3; 3; 1; 0.1; 4442; 0; 1; 3; 3; 53; 1; 1.83; 1.83; 1.83; 8; 8; 8; 37.5; 3; 
0.3; 3; 1; 0.1; 4723; 0; 1; 3; 4; 46; 1; 1.83; 1.83; 1.83; 8; 8; 8; 37.5; 3; 
0.3; 3; 1; 0.1; 5087; 0; 1; 3; 5; 44; 1; 1.83; 1.83; 1.83; 8; 8; 8; 37.5; 3; 
0.3; 3; 1; 0.1; 5335; 0; 1; 3; 6; 41; 1; 1.83; 1.83; 1.83; 8; 8; 8; 37.5; 3; 
0.1; 2; 1; 0.1; 2078; 0; 3; 2; 1; 21; 1; 1.83; 1.83; 1.83; 8; 8; 8; 12.5; 1; 
0.1; 2; 1; 0.1; 5579; 0; 3; 2; 2; 46; 1; 1.83; 1.83; 1.83; 8; 8; 8; 12.5; 1; 
0.1; 2; 1; 0.1; 6714; 0; 3; 2; 3; 42; 1; 1.83; 1.83; 1.83; 8; 8; 8; 12.5; 1; 
0.1; 2; 1; 0.1; 7368; 0; 3; 2; 4; 47; 1; 1.83; 1.83; 1.83; 8; 8; 8; 12.5; 1; 
0.1; 2; 1; 0.1; 7994; 0; 3; 2; 5; 44; 1; 1.83; 1.83; 1.83; 8; 8; 8; 12.5; 1; 
0.1; 2; 1; 0.1; 9241; 0; 3; 2; 6; 47; 1; 1.83; 1.83; 1.83; 8; 8; 8; 12.5; 1; 
0.1; 2; 1; 0.1; 10455; 0; 3; 2; 7; 45; 1; 1.83; 1.83; 1.83; 8; 8; 8; 12.5; 1; 
0.1; 2; 1; 0.1; 2764; 0; 1; 2; 1; 25; 1; 1.83; 1.83; 1.83; 8; 8; 8; 25; 2; 
0.1; 2; 1; 0.1; 9069; 0; 1; 2; 2; 53; 1; 1.83; 1.83; 1.83; 8; 8; 8; 25; 2; 
0.1; 2; 1; 0.1; 2146; 0; 1; 1; 1; 44; 1; 1.83; 1.83; 1.83; 8; 8; 8; 25; 2; 
0.1; 2; 1; 0.1; 3789; 0; 1; 1; 2; 26; 1; 1.83; 1.83; 1.83; 8; 8; 8; 25; 2; 
0.1; 2; 1; 0.1; 4518; 0; 1; 1; 3; 30; 1; 1.83; 1.83; 1.83; 8; 8; 8; 25; 2; 
0.1; 2; 1; 0.1; 5080; 0; 1; 1; 4; 28; 1; 1.83; 1.83; 1.83; 8; 8; 8; 25; 2; 
0.1; 2; 1; 0.1; 5659; 0; 1; 1; 5; 25; 1; 1.83; 1.83; 1.83; 8; 8; 8; 25; 2; 
0.1; 2; 1; 0.1; 6353; 0; 1; 1; 6; 23; 1; 1.83; 1.83; 1.83; 8; 8; 8; 25; 2; 
0.1; 2; 1; 0.1; 8582; 0; 1; 1; 7; 33; 1; 1.83; 1.83; 1.83; 8; 8; 8; 25; 2; 
0.1; 2; 1; 0.1; 9487; 0; 1; 1; 8; 32; 1; 1.83; 1.83; 1.83; 8; 8; 8; 25; 2; 
0.1; 2; 1; 0.1; 10313; 0; 1; 1; 9; 24; 1; 1.83; 1.83; 1.83; 8; 8; 8; 25; 2; 
0.1; 2; 1; 0.1; 11225; 0; 1; 1; 10; 25; 1; 1.83; 1.83; 1.83; 8; 8; 8; 25; 2; 
0.1; 2; 1; 0.1; 13084; 0; 1; 1; 11; 28; 1; 1.83; 1.83; 1.83; 8; 8; 8; 25; 2; 
0.1; 2; 1; 0.1; 13826; 0; 1; 1; 12; 31; 1; 1.83; 1.83; 1.83; 8; 8; 8; 25; 2; 
0.1; 2; 1; 0.1; 14228; 0; 1; 1; 13; 24; 1; 1.83; 1.83; 1.83; 8; 8; 8; 25; 2; 
0.1; 2; 1; 0.1; 14878; 0; 1; 1; 14; 26; 1; 1.83; 1.83; 1.83; 8; 8; 8; 25; 2; 
0.1; 2; 1; 0.1; 16391; 0; 1; 1; 15; 25; 1; 1.83; 1.83; 1.83; 8; 8; 8; 25; 2; 
0.1; 2; 1; 0.1; 17260; 0; 1; 1; 16; 30; 1; 1.83; 1.83; 1.83; 8; 8; 8; 25; 2; 
0.1; 2; 1; 0.1; 20657; 0; 1; 1; 17; 25; 1; 1.83; 1.83; 1.83; 8; 8; 8; 25; 2; 
0.1; 2; 1; 0.1; 20718; 0; 1; 1; 18; 22; 1; 1.83; 1.83; 1.83; 8; 8; 8; 25; 2; 
0.1; 2; 1; 0.1; 20935; 0; 1; 1; 19; 28; 1; 1.83; 1.83; 1.83; 8; 8; 8; 25; 2; 
0.1; 2; 1; 0.1; 21265; 0; 1; 1; 20; 27; 1; 1.83; 1.83; 1.83; 8; 8; 8; 25; 2; 
0.1; 2; 1; 0.1; 301211; 0; 1; 1; 1; 23; 1; 1.83; 1.83; 1.83; 8; 8; 8; 25; 2; 
2; 1; 1; 0.1; 46; 0; 0; 1; 1; 17; 8; 1.83; 1.83; 1.83; 8; 8; 8; 100; 8; 
0.1; 2; 1; 0.1; 2723; 0; 1; 5; 1; 40; 1; 1.83; 1.83; 1.83; 8; 8; 8; 25; 2; 
0.5; 8; 1; 0.5; 1312; 0; 1; 2; 1; 26; 4; 0.6875; 0.58; 1.01; 3; 3; 4; 50; 4; 
0.5; 8; 1; 0.5; 1557; 0; 1; 2; 1; 30; 4; 0.6875; 0.58; 1.01; 3; 3; 4; 50; 4; 
0.5; 1; 1; 0.5; 3805; 0; 1; 2; 1; 20; 1; 1.83; 1.83; 1.83; 7; 7; 7; 12.5; 1; 
0.5; 1; 1; 0.5; 6404; 0; 1; 2; 2; 43; 1; 1.83; 1.83; 1.83; 7; 7; 7; 12.5; 1; 
0.5; 1; 1; 0.5; 7498; 0; 1; 2; 3; 47; 1; 1.83; 1.83; 1.83; 7; 7; 7; 12.5; 1; 
0.5; 1; 1; 0.5; 8809; 0; 1; 2; 4; 47; 1; 1.83; 1.83; 1.83; 7; 7; 7; 12.5; 1; 
0.5; 1; 1; 0.5; 11451; 0; 1; 2; 5; 45; 1; 1.83; 1.83; 1.83; 7; 7; 7; 12.5; 1; 
0.5; 1; 1; 0.5; 12246; 0; 1; 2; 6; 44; 1; 1.83; 1.83; 1.83; 7; 7; 7; 12.5; 1; 
0.5; 1; 1; 0.5; 12902; 0; 1; 2; 7; 45; 1; 1.83; 1.83; 1.83; 7; 7; 7; 12.5; 1; 
0.5; 1; 1; 0.5; 13512; 0; 1; 2; 8; 42; 1; 1.83; 1.83; 1.83; 7; 7; 7; 12.5; 1; 
0.5; 1; 1; 0.5; 1105551; 0; 3; 3; 1; 16; 1; 1.83; 1.83; 1.83; 7; 7; 7; 12.5; 1; 
0.1; 1; 1; 0.5; 51; 0; 0; 1; 1; 20; 1; 1.83; 1.83; 1.83; 7; 7; 7; 12.5; 1; 
0.1; 1; 1; 0.5; 3713; 0; 0; 1; 2; 46; 1; 1.83; 1.83; 1.83; 7; 7; 7; 12.5; 1; 
0.1; 1; 1; 0.5; 4900; 0; 0; 1; 3; 43; 1; 1.83; 1.83; 1.83; 7; 7; 7; 12.5; 1; 
0.1; 1; 1; 0.5; 5323; 0; 0; 1; 4; 41; 1; 1.83; 1.83; 1.83; 7; 7; 7; 12.5; 1; 
0.1; 1; 1; 0.5; 5691; 0; 0; 1; 5; 54; 1; 1.83; 1.83; 1.83; 7; 7; 7; 12.5; 1; 
0.1; 1; 1; 0.5; 5956; 0; 0; 1; 6; 49; 1; 1.83; 1.83; 1.83; 7; 7; 7; 12.5; 1; 
0.1; 1; 1; 0.5; 6312; 0; 0; 1; 7; 50; 1; 1.83; 1.83; 1.83; 7; 7; 7; 12.5; 1; 
0.1; 1; 1; 0.5; 6642; 0; 0; 1; 8; 52; 1; 1.83; 1.83; 1.83; 7; 7; 7; 12.5; 1; 
2; 1; 1; 0.1; 53; 0; 1; 2; 1; 21; 1; 1.83; 1.83; 1.83; 8; 8; 8; 12.5; 1; 
2; 2; 1; 0.1; 59; 0; 2; 2; 1; 26; 3; 1.5; 1.17; 1.83; 8; 8; 8; 37.5; 3; 
2; 2; 1; 0.1; 175; 0; 1; 1; 1; 26; 8; 1.5; 1.17; 1.83; 8; 8; 8; 100; 8; 
2; 2; 1; 0.1; 116; 0; 1; 2; 1; 38; 5.617; 1.5; 1.17; 1.83; 8; 8; 8; 100; 8; 
2; 2; 1; 0.1; 48; 0; 2; 1; 1; 20; 5.617; 1.5; 1.17; 1.83; 8; 8; 8; 100; 8; 
2; 2; 1; 0.1; 45; 0; 1; 1; 1; 21; 5.617; 1.5; 1.17; 1.83; 8; 8; 8; 100; 8; 
2; 1; 1; 0.1; 53; 0; 1; 1; 1; 22; 3.2689; 1.83; 1.83; 1.83; 8; 8; 8; 100; 8; 
2; 1; 1; 0.5; 61; 0; 1; 2; 1; 23; 3.16; 1.83; 1.83; 1.83; 7; 7; 7; 50; 4; 
2; 1; 1; 0.5; 47; 0; 1; 2; 1; 18; 3.16; 1.83; 1.83; 1.83; 7; 7; 7; 50; 4; 
2; 1; 1; 0.5; 45; 0; 1; 1; 1; 20; 3.16; 1.83; 1.83; 1.83; 7; 7; 7; 50; 4; 
2; 1; 1; 0.5; 46; 0; 2; 3; 1; 20; 3.16; 1.83; 1.83; 1.83; 7; 7; 7; 50; 4; 
2; 2; 1; 0.5; 50; 0; 1; 1; 1; 22; 5.165; 1.5; 1.17; 1.83; 6; 5; 7; 62.5; 5; 
2; 2; 1; 0.5; 48; 0; 1; 2; 1; 25; 5.165; 1.5; 1.17; 1.83; 6; 5; 7; 62.5; 5; 
2; 2; 1; 0.5; 47; 0; 2; 2; 1; 21; 5.165; 1.5; 1.17; 1.83; 6; 5; 7; 62.5; 5; 
2; 2; 1; 0.5; 44; 0; 1; 1; 1; 18; 5.165; 1.5; 1.17; 1.83; 6; 5; 7; 62.5; 5; 
2; 1; 1; 0.5; 7072; 0; 1; 3; 1; 7042; 7; 1.83; 1.83; 1.83; 7; 7; 7; 87.5; 7; 
2; 2; 1; 0.5; 46; 0; 1; 2; 1; 21; 5.165; 1.5; 1.17; 1.83; 6; 5; 7; 62.5; 5; 
2; 2; 1; 0.5; 53; 0; 1; 2; 1; 27; 5.165; 1.5; 1.17; 1.83; 6; 5; 7; 62.5; 5; 
2; 2; 1; 0.5; 52; 0; 2; 2; 1; 22; 5.165; 1.5; 1.17; 1.83; 6; 5; 7; 62.5; 5; 
2; 1; 1; 0.5; 2291; 0; 3; 5; 1; 2259; 7; 1.83; 1.83; 1.83; 7; 7; 7; 87.5; 7; 
2; 2; 1; 0.5; 43; 0; 1; 1; 1; 19; 5.165; 1.5; 1.17; 1.83; 6; 5; 7; 62.5; 5; 
2; 2; 1; 0.5; 44; 0; 1; 3; 1; 20; 5.165; 1.5; 1.17; 1.83; 6; 5; 7; 62.5; 5; 
2; 2; 1; 0.5; 62; 0; 1; 1; 1; 29; 5.165; 1.5; 1.17; 1.83; 6; 5; 7; 62.5; 5; 
2; 2; 1; 0.5; 52; 0; 2; 2; 1; 22; 5.165; 1.5; 1.17; 1.83; 6; 5; 7; 62.5; 5; 
2; 1; 1; 0.5; 285696; 0; 1; 4; 1; 285663; 7; 1.83; 1.83; 1.83; 7; 7; 7; 87.5; 7; 
2; 2; 1; 0.5; 60; 0; 1; 1; 1; 23; 5.165; 1.5; 1.17; 1.83; 6; 5; 7; 62.5; 5; 
2; 2; 1; 0.5; 45; 0; 1; 2; 1; 20; 5.165; 1.5; 1.17; 1.83; 6; 5; 7; 62.5; 5; 
2; 1; 1; 0.5; 79; 0; 2; 6; 1; 47; 7; 1.83; 1.83; 1.83; 7; 7; 7; 87.5; 7; 
2; 2; 1; 0.5; 583; 0; 1; 1; 1; 235; 5.165; 1.5; 1.17; 1.83; 6; 5; 7; 62.5; 5; 
2; 1; 1; 0.5; 459; 0; 3; 8; 1; 285; 7; 1.83; 1.83; 1.83; 7; 7; 7; 87.5; 7; 
2; 2; 1; 0.5; 3410; 0; 1; 2; 1; 29; 5.165; 1.5; 1.17; 1.83; 6; 5; 7; 62.5; 5; 
2; 1; 1; 0.5; 76; 0; 2; 6; 1; 48; 7; 1.83; 1.83; 1.83; 7; 7; 7; 87.5; 7; 
2; 2; 1; 0.5; 47; 0; 1; 1; 1; 19; 4.34; 1.5; 1.17; 1.83; 6; 5; 7; 62.5; 5; 
2; 2; 1; 0.5; 70; 0; 2; 2; 1; 23; 5.165; 1.5; 1.17; 1.83; 6; 5; 7; 62.5; 5; 
2; 2; 1; 0.5; 55; 0; 2; 2; 1; 22; 5.165; 1.5; 1.17; 1.83; 6; 5; 7; 62.5; 5; 
2; 2; 1; 0.5; 47; 0; 1; 1; 1; 18; 5.165; 1.5; 1.17; 1.83; 6; 5; 7; 62.5; 5; 
2; 2; 1; 0.5; 61; 0; 1; 1; 1; 36; 5.165; 1.5; 1.17; 1.83; 6; 5; 7; 62.5; 5; 
2; 2; 1; 0.5; 51; 0; 2; 2; 1; 20; 5.165; 1.5; 1.17; 1.83; 6; 5; 7; 62.5; 5; 
2; 1; 1; 0.5; 80; 0; 1; 5; 1; 50; 7; 1.83; 1.83; 1.83; 7; 7; 7; 87.5; 7; 
2; 2; 1; 0.5; 48; 0; 1; 2; 1; 23; 5.165; 1.5; 1.17; 1.83; 6; 5; 7; 62.5; 5; 
2; 1; 1; 0.5; 75; 0; 1; 5; 1; 49; 7; 1.83; 1.83; 1.83; 7; 7; 7; 87.5; 7; 
2; 2; 1; 0.5; 46; 0; 1; 2; 1; 19; 5.165; 1.5; 1.17; 1.83; 6; 5; 7; 62.5; 5; 
2; 1; 1; 0.5; 84; 0; 1; 3; 1; 59; 7; 1.83; 1.83; 1.83; 7; 7; 7; 87.5; 7; 
2; 2; 1; 0.5; 52; 0; 1; 1; 1; 22; 5.165; 1.5; 1.17; 1.83; 6; 5; 7; 62.5; 5; 
2; 1; 1; 0.5; 101; 0; 1; 6; 1; 68; 7; 1.83; 1.83; 1.83; 7; 7; 7; 87.5; 7; 
2; 2; 1; 0.5; 48; 0; 1; 1; 1; 20; 5.165; 1.5; 1.17; 1.83; 6; 5; 7; 62.5; 5; 
2; 1; 1; 0.5; 3506; 0; 0; 1; 1; 45; 7; 1.83; 1.83; 1.83; 7; 7; 7; 87.5; 7; 
2; 2; 1; 0.5; 47; 0; 1; 1; 1; 20; 5.165; 1.5; 1.17; 1.83; 6; 5; 7; 62.5; 5; 
2; 2; 1; 0.5; 44; 0; 1; 1; 1; 18; 5.165; 1.5; 1.17; 1.83; 6; 5; 7; 62.5; 5; 
2; 2; 1; 0.5; 52; 0; 1; 2; 1; 25; 5.165; 1.5; 1.17; 1.83; 6; 5; 7; 62.5; 5; 
2; 1; 1; 0.5; 1613; 0; 2; 4; 1; 48; 7; 1.83; 1.83; 1.83; 7; 7; 7; 87.5; 7; 
2; 2; 1; 0.5; 46; 0; 1; 2; 1; 18; 5.165; 1.5; 1.17; 1.83; 6; 5; 7; 62.5; 5; 
2; 1; 1; 0.5; 76; 0; 1; 4; 1; 49; 7; 1.83; 1.83; 1.83; 7; 7; 7; 87.5; 7; 
0.5; 1; 1; 0.5; 125; 0; 2; 3; 1; 39; 1; 1.83; 1.83; 1.83; 7; 7; 7; 12.5; 1; 
2; 2; 1; 0.5; 60; 0; 2; 3; 1; 22; 5.165; 1.5; 1.17; 1.83; 6; 5; 7; 62.5; 5; 
2; 1; 1; 0.5; 165; 0; 3; 4; 1; 134; 7; 1.83; 1.83; 1.83; 7; 7; 7; 87.5; 7; 
0.5; 1; 1; 0.5; 78; 0; 1; 3; 1; 45; 1; 1.83; 1.83; 1.83; 7; 7; 7; 12.5; 1; 
2; 2; 1; 0.5; 59; 0; 1; 2; 1; 21; 5.165; 1.5; 1.17; 1.83; 6; 5; 7; 62.5; 5; 
2; 1; 1; 0.5; 85; 0; 1; 3; 1; 58; 7; 1.83; 1.83; 1.83; 7; 7; 7; 87.5; 7; 
0.5; 1; 1; 0.5; 73; 0; 0; 4; 1; 40; 1; 1.83; 1.83; 1.83; 7; 7; 7; 12.5; 1; 
2; 2; 1; 0.5; 45; 0; 1; 1; 1; 18; 5.165; 1.5; 1.17; 1.83; 6; 5; 7; 62.5; 5; 
2; 1; 1; 0.5; 74; 0; 1; 4; 1; 50; 7; 1.83; 1.83; 1.83; 7; 7; 7; 87.5; 7; 
0.5; 1; 1; 0.5; 65; 0; 1; 3; 1; 36; 1; 1.83; 1.83; 1.83; 7; 7; 7; 12.5; 1; 
2; 2; 1; 0.5; 49; 0; 2; 2; 1; 19; 5.165; 1.5; 1.17; 1.83; 6; 5; 7; 62.5; 5; 
2; 1; 1; 0.5; 73; 0; 1; 3; 1; 49; 7; 1.83; 1.83; 1.83; 7; 7; 7; 87.5; 7; 
0.5; 1; 1; 0.5; 70; 0; 1; 5; 1; 41; 1; 1.83; 1.83; 1.83; 7; 7; 7; 12.5; 1; 
2; 2; 1; 0.5; 48; 0; 2; 2; 1; 21; 5.165; 1.5; 1.17; 1.83; 6; 5; 7; 62.5; 5; 
2; 1; 1; 0.5; 83; 0; 1; 4; 1; 58; 7; 1.83; 1.83; 1.83; 7; 7; 7; 87.5; 7; 
0.5; 1; 1; 0.5; 66; 0; 1; 4; 1; 36; 1; 1.83; 1.83; 1.83; 7; 7; 7; 12.5; 1; 
2; 2; 1; 0.5; 54; 0; 1; 1; 1; 27; 5.165; 1.5; 1.17; 1.83; 6; 5; 7; 62.5; 5; 
2; 1; 1; 0.5; 86; 0; 1; 4; 1; 57; 7; 1.83; 1.83; 1.83; 7; 7; 7; 87.5; 7; 
2; 2; 1; 0.5; 48; 0; 1; 2; 1; 20; 5.165; 1.5; 1.17; 1.83; 6; 5; 7; 62.5; 5; 
2; 1; 1; 0.5; 83; 0; 1; 3; 1; 58; 7; 1.83; 1.83; 1.83; 7; 7; 7; 87.5; 7; 
2; 2; 1; 0.5; 60; 0; 1; 1; 1; 30; 5.165; 1.5; 1.17; 1.83; 6; 5; 7; 62.5; 5; 
2; 1; 1; 0.5; 95; 0; 1; 5; 1; 67; 7; 1.83; 1.83; 1.83; 7; 7; 7; 87.5; 7; 
2; 2; 1; 0.5; 52; 0; 1; 2; 1; 21; 5.165; 1.5; 1.17; 1.83; 6; 5; 7; 62.5; 5; 
2; 1; 1; 0.5; 80; 0; 1; 6; 1; 55; 7; 1.83; 1.83; 1.83; 7; 7; 7; 87.5; 7; 
2; 2; 1; 0.5; 52; 0; 1; 1; 1; 23; 5.165; 1.5; 1.17; 1.83; 6; 5; 7; 62.5; 5; 
2; 1; 1; 0.5; 82; 0; 2; 3; 1; 56; 7; 1.83; 1.83; 1.83; 7; 7; 7; 87.5; 7; 
2; 2; 1; 0.5; 52; 0; 1; 2; 1; 24; 5.165; 1.5; 1.17; 1.83; 6; 5; 7; 62.5; 5; 
2; 1; 1; 0.5; 84; 0; 1; 3; 1; 58; 7; 1.83; 1.83; 1.83; 7; 7; 7; 87.5; 7; 
2; 2; 1; 0.5; 47; 0; 1; 1; 1; 19; 5.165; 1.5; 1.17; 1.83; 6; 5; 7; 62.5; 5; 
2; 1; 1; 0.5; 77; 0; 2; 4; 1; 50; 7; 1.83; 1.83; 1.83; 7; 7; 7; 87.5; 7; 
2; 2; 1; 0.5; 46; 0; 1; 3; 1; 20; 5.165; 1.5; 1.17; 1.83; 6; 5; 7; 62.5; 5; 
2; 1; 1; 0.5; 79; 0; 3; 3; 1; 52; 7; 1.83; 1.83; 1.83; 7; 7; 7; 87.5; 7; 
2; 2; 1; 0.5; 47; 0; 1; 1; 1; 19; 5.165; 1.5; 1.17; 1.83; 6; 5; 7; 62.5; 5; 
2; 1; 1; 0.5; 86; 0; 1; 4; 1; 59; 7; 1.83; 1.83; 1.83; 7; 7; 7; 87.5; 7; 
0.5; 1; 1; 0.5; 1676; 0; 1; 4; 1; 45; 1; 1.83; 1.83; 1.83; 7; 7; 7; 12.5; 1; 
2; 2; 1; 0.5; 50; 0; 1; 2; 1; 24; 5.165; 1.5; 1.17; 1.83; 6; 5; 7; 62.5; 5; 
2; 1; 1; 0.5; 77; 0; 1; 5; 1; 52; 7; 1.83; 1.83; 1.83; 7; 7; 7; 87.5; 7; 
0.5; 1; 1; 0.5; 3133; 0; 1; 3; 1; 41; 1; 1.83; 1.83; 1.83; 7; 7; 7; 12.5; 1; 
2; 2; 1; 0.5; 47; 0; 1; 1; 1; 20; 5.165; 1.5; 1.17; 1.83; 6; 5; 7; 62.5; 5; 
2; 1; 1; 0.5; 82; 0; 1; 6; 1; 55; 7; 1.83; 1.83; 1.83; 7; 7; 7; 87.5; 7; 
0.5; 1; 3; 0.5; 1257; 0; 1; 4; 1; 46; 1; 1.83; 1.83; 1.83; 7; 7; 7; 12.5; 1; 
2; 2; 1; 0.5; 51; 0; 1; 3; 1; 22; 5.165; 1.5; 1.17; 1.83; 6; 5; 7; 62.5; 5; 
2; 1; 1; 0.5; 75; 0; 1; 5; 1; 52; 7; 1.83; 1.83; 1.83; 7; 7; 7; 87.5; 7; 
2; 2; 1; 0.5; 50; 0; 1; 1; 1; 20; 5.165; 1.5; 1.17; 1.83; 6; 5; 7; 62.5; 5; 
2; 1; 1; 0.5; 74; 0; 2; 4; 1; 46; 7; 1.83; 1.83; 1.83; 7; 7; 7; 87.5; 7; 
2; 2; 1; 0.5; 64; 0; 1; 1; 1; 19; 5.165; 1.5; 1.17; 1.83; 6; 5; 7; 62.5; 5; 
2; 1; 1; 0.5; 149; 0; 0; 2; 1; 50; 7; 1.83; 1.83; 1.83; 7; 7; 7; 87.5; 7; 
2; 2; 1; 0.5; 62; 0; 1; 2; 1; 33; 5.165; 1.5; 1.17; 1.83; 6; 5; 7; 62.5; 5; 
2; 1; 1; 0.5; 72; 0; 1; 3; 1; 46; 7; 1.83; 1.83; 1.83; 7; 7; 7; 87.5; 7; 
2; 2; 1; 0.5; 47; 0; 0; 1; 1; 22; 5.165; 1.5; 1.17; 1.83; 6; 5; 7; 62.5; 5; 
2; 1; 1; 0.5; 77; 0; 1; 8; 1; 49; 7; 1.83; 1.83; 1.83; 7; 7; 7; 87.5; 7; 
2; 2; 1; 0.5; 71; 0; 3; 2; 1; 32; 5.165; 1.5; 1.17; 1.83; 6; 5; 7; 62.5; 5; 
2; 1; 1; 0.5; 74; 0; 1; 3; 1; 50; 7; 1.83; 1.83; 1.83; 7; 7; 7; 87.5; 7; 
2; 2; 1; 0.5; 60; 0; 1; 3; 1; 27; 5.165; 1.5; 1.17; 1.83; 6; 5; 7; 62.5; 5; 
2; 1; 1; 0.5; 84; 0; 1; 4; 1; 51; 7; 1.83; 1.83; 1.83; 7; 7; 7; 87.5; 7; 
2; 2; 1; 0.5; 55; 0; 1; 4; 1; 22; 5.165; 1.5; 1.17; 1.83; 6; 5; 7; 62.5; 5; 
2; 1; 1; 0.5; 79; 0; 1; 5; 1; 53; 7; 1.83; 1.83; 1.83; 7; 7; 7; 87.5; 7; 
2; 2; 1; 0.5; 52; 0; 1; 3; 1; 23; 5.165; 1.5; 1.17; 1.83; 6; 5; 7; 62.5; 5; 
2; 1; 1; 0.5; 75; 0; 1; 4; 1; 50; 7; 1.83; 1.83; 1.83; 7; 7; 7; 87.5; 7; 
2; 2; 1; 0.5; 50; 0; 1; 2; 1; 23; 5.165; 1.5; 1.17; 1.83; 6; 5; 7; 62.5; 5; 
2; 1; 1; 0.5; 69; 0; 0; 2; 1; 45; 7; 1.83; 1.83; 1.83; 7; 7; 7; 87.5; 7; 
2; 2; 1; 0.5; 70; 0; 2; 1; 1; 38; 5.165; 1.5; 1.17; 1.83; 6; 5; 7; 62.5; 5; 
2; 1; 1; 0.5; 84; 0; 1; 4; 1; 55; 7; 1.83; 1.83; 1.83; 7; 7; 7; 87.5; 7; 
0.5; 1; 1; 0.5; 4508; 0; 1; 4; 1; 147; 1; 1.83; 1.83; 1.83; 7; 7; 7; 87.5; 7; 
2; 2; 1; 0.5; 124; 0; 2; 1; 1; 97; 5.165; 1.5; 1.17; 1.83; 6; 5; 7; 62.5; 5; 
2; 1; 1; 0.5; 86; 0; 2; 4; 1; 53; 7; 1.83; 1.83; 1.83; 7; 7; 7; 87.5; 7; 
0.5; 1; 1; 0.5; 95; 0; 1; 4; 1; 56; 1; 1.83; 1.83; 1.83; 7; 7; 7; 87.5; 7; 
2; 2; 1; 0.5; 57; 0; 1; 1; 1; 30; 5.165; 1.5; 1.17; 1.83; 6; 5; 7; 62.5; 5; 
2; 1; 1; 0.5; 81; 0; 1; 5; 1; 53; 7; 1.83; 1.83; 1.83; 7; 7; 7; 87.5; 7; 
0.5; 1; 1; 0.5; 100; 0; 1; 8; 1; 56; 1; 1.83; 1.83; 1.83; 7; 7; 7; 87.5; 7; 
2; 2; 1; 0.5; 46; 0; 0; 1; 1; 21; 5.165; 1.5; 1.17; 1.83; 6; 5; 7; 62.5; 5; 
2; 1; 1; 0.5; 79; 0; 2; 4; 1; 53; 7; 1.83; 1.83; 1.83; 7; 7; 7; 87.5; 7; 
2; 2; 1; 0.5; 49; 0; 1; 3; 1; 21; 5.165; 1.5; 1.17; 1.83; 6; 5; 7; 62.5; 5; 
2; 1; 1; 0.5; 74; 0; 0; 4; 1; 47; 7; 1.83; 1.83; 1.83; 7; 7; 7; 87.5; 7; 
2; 2; 1; 0.5; 47; 0; 1; 1; 1; 20; 5.165; 1.5; 1.17; 1.83; 6; 5; 7; 62.5; 5; 
2; 1; 1; 0.5; 96; 0; 1; 7; 1; 67; 7; 1.83; 1.83; 1.83; 7; 7; 7; 87.5; 7; 
2; 2; 1; 0.5; 56; 0; 1; 1; 1; 26; 5.165; 1.5; 1.17; 1.83; 6; 5; 7; 62.5; 5; 
2; 1; 1; 0.5; 95; 0; 1; 7; 1; 60; 7; 1.83; 1.83; 1.83; 7; 7; 7; 87.5; 7; 
2; 2; 1; 0.5; 50; 0; 1; 2; 1; 24; 5.165; 1.5; 1.17; 1.83; 6; 5; 7; 62.5; 5; 
2; 1; 1; 0.5; 83; 0; 1; 4; 1; 56; 7; 1.83; 1.83; 1.83; 7; 7; 7; 87.5; 7; 
2; 2; 1; 0.5; 48; 0; 2; 1; 1; 19; 5.165; 1.5; 1.17; 1.83; 6; 5; 7; 62.5; 5; 
2; 1; 1; 0.5; 80; 0; 1; 6; 1; 51; 7; 1.83; 1.83; 1.83; 7; 7; 7; 87.5; 7; 
0.9; 1; 1; 0.1; 1282; 0; 2; 3; 1; 49; 1; 1.83; 1.83; 1.83; 8; 8; 8; 100; 8; 
2; 2; 1; 0.5; 48; 0; 1; 1; 1; 18; 5.165; 1.5; 1.17; 1.83; 6; 5; 7; 62.5; 5; 
2; 1; 1; 0.5; 80; 0; 1; 6; 1; 51; 7; 1.83; 1.83; 1.83; 7; 7; 7; 87.5; 7; 
0.9; 2; 1; 0.5; 759; 0; 0; 3; 1; 48; 2; 1.5; 1.17; 1.83; 6; 5; 7; 100; 8; 
2; 2; 1; 0.5; 83; 0; 1; 1; 1; 57; 5.165; 1.5; 1.17; 1.83; 6; 5; 7; 62.5; 5; 
2; 1; 1; 0.5; 87; 0; 1; 6; 1; 56; 7; 1.83; 1.83; 1.83; 7; 7; 7; 87.5; 7; 
0.9; 2; 1; 0.5; 1096; 0; 1; 4; 1; 53; 2; 1.5; 1.17; 1.83; 6; 5; 7; 100; 8; 
2; 2; 1; 0.5; 45; 0; 1; 3; 1; 18; 5.165; 1.5; 1.17; 1.83; 6; 5; 7; 62.5; 5; 
2; 1; 1; 0.5; 83; 0; 1; 4; 1; 52; 7; 1.83; 1.83; 1.83; 7; 7; 7; 87.5; 7; 
0.9; 2; 1; 0.5; 851; 0; 2; 4; 1; 45; 2; 1.5; 1.17; 1.83; 6; 5; 7; 100; 8; 
2; 2; 1; 0.5; 47; 0; 1; 1; 1; 21; 5.165; 1.5; 1.17; 1.83; 6; 5; 7; 62.5; 5; 
2; 1; 1; 0.5; 74; 0; 2; 5; 1; 48; 7; 1.83; 1.83; 1.83; 7; 7; 7; 87.5; 7; 
0.9; 2; 1; 0.5; 954; 0; 0; 5; 1; 48; 2; 1.5; 1.17; 1.83; 6; 5; 7; 100; 8; 
2; 2; 1; 0.5; 46; 0; 1; 1; 1; 20; 5.165; 1.5; 1.17; 1.83; 6; 5; 7; 62.5; 5; 
2; 1; 1; 0.5; 78; 0; 2; 4; 1; 52; 7; 1.83; 1.83; 1.83; 7; 7; 7; 87.5; 7; 
0.9; 2; 1; 0.5; 1183; 0; 1; 5; 1; 46; 2; 1.5; 1.17; 1.83; 6; 5; 7; 100; 8; 
2; 2; 1; 0.5; 51; 0; 1; 4; 1; 23; 5.165; 1.5; 1.17; 1.83; 6; 5; 7; 62.5; 5; 
2; 1; 1; 0.5; 75; 0; 1; 5; 1; 49; 7; 1.83; 1.83; 1.83; 7; 7; 7; 87.5; 7; 
